<?xml version="1.0" encoding="UTF-8"?>
<metadata modelVersion="1.1.0">
  <groupId>org.openhab.distro</groupId>
  <artifactId>distro-kar</artifactId>
  <version>2.2.0-SNAPSHOT</version>
  <versioning>
    <snapshot>
      <localCopy>true</localCopy>
    </snapshot>
    <lastUpdated>20170704221207</lastUpdated>
    <snapshotVersions>
      <snapshotVersion>
        <classifier>features</classifier>
        <extension>xml</extension>
        <value>2.2.0-SNAPSHOT</value>
        <updated>20170704221207</updated>
      </snapshotVersion>
    </snapshotVersions>
  </versioning>
</metadata>
